2025-04-06 14:00:02,82842.5
2025-04-06 14:05:01,82942.1
2025-04-06 14:10:01,82950.1
2025-04-06 14:15:02,82850
2025-04-06 14:20:01,82903.6
2025-04-06 14:25:02,82892.8
2025-04-06 14:30:01,82883.7
2025-04-06 14:35:01,82750
2025-04-06 14:40:02,82689.9
2025-04-06 14:45:01,82770
2025-04-06 14:50:02,82750
2025-04-06 14:55:01,82670.1
2025-04-06 15:00:01,82700
2025-04-06 15:05:02,82691.7
2025-04-06 15:10:01,82801.2
2025-04-06 15:15:01,82816.2
2025-04-06 15:20:02,82656.1
2025-04-06 15:25:01,82602.5
2025-04-06 15:30:02,82544
2025-04-06 15:35:01,82603.8
2025-04-06 15:40:01,82474.7
2025-04-06 15:45:02,82481
2025-04-06 15:50:01,82462.1
2025-04-06 15:55:02,82281.3
2025-04-06 16:00:01,82296
2025-04-06 16:05:01,82308.6
2025-04-06 16:10:02,82489
2025-04-06 16:15:01,82620.3
2025-04-06 16:20:01,82494.4
2025-04-06 16:25:02,82453.8
2025-04-06 16:30:01,82389.4
2025-04-06 16:35:01,82432.2
2025-04-06 16:40:02,82455
2025-04-06 16:45:01,82564.4
2025-04-06 16:50:01,82723.7
2025-04-06 16:55:02,82647
2025-04-06 17:00:01,82661.8
2025-04-06 17:05:02,82723
2025-04-06 17:10:01,82489
2025-04-06 17:15:01,82600
2025-04-06 17:20:02,82587.5
2025-04-06 17:25:01,82540
2025-04-06 17:30:01,82448.1
2025-04-06 17:35:02,82504.1
2025-04-06 17:40:01,82567.6
2025-04-06 17:45:01,82630.1
2025-04-06 17:50:02,82723.3
2025-04-06 17:55:01,82630.4
2025-04-06 18:00:02,82547.7
2025-04-06 18:05:01,82445.4
2025-04-06 18:10:01,82475.7
2025-04-06 18:15:02,82432
2025-04-06 18:20:01,82307.1
2025-04-06 18:25:02,82376.1
2025-04-06 18:30:01,82338.1
2025-04-06 18:35:01,82359.9
2025-04-06 18:40:02,82341.8
2025-04-06 18:45:01,82137.3
2025-04-06 18:50:01,82196
2025-04-06 18:55:02,82119.3
2025-04-06 19:00:01,81964.3
2025-04-06 19:05:02,81914.1
2025-04-06 19:10:01,81940.8
2025-04-06 19:15:01,81692.3
2025-04-06 19:20:02,81854.6
2025-04-06 19:25:01,81799.9
2025-04-06 19:30:02,81620.1
2025-04-06 19:35:01,81432.3
2025-04-06 19:40:01,81482.4
2025-04-06 19:45:02,81116.3
2025-04-06 19:50:01,81214.1
2025-04-06 19:55:02,80751.5
2025-04-06 20:00:01,80812.1
2025-04-06 20:05:01,80406.2
2025-04-06 20:10:02,80234.1
2025-04-06 20:15:01,80308.1
2025-04-06 20:20:02,80042.7
2025-04-06 20:25:01,80120
2025-04-06 20:30:01,79718.2
2025-04-06 20:35:02,79890
2025-04-06 20:40:01,79575.9
2025-04-06 20:45:01,79197.5
2025-04-06 20:50:02,78963.2
2025-04-06 20:55:01,79067.5
2025-04-06 21:00:01,79112
2025-04-06 21:05:02,79070.1
2025-04-06 21:10:01,78956.5
2025-04-06 21:15:02,79391.9
2025-04-06 21:20:01,79789.9
2025-04-06 21:25:01,79444.7
2025-04-06 21:30:02,79494.7
2025-04-06 21:35:01,79623.3
2025-04-06 21:40:01,79643.5
2025-04-06 21:45:02,79502
2025-04-06 21:50:01,79230.5
2025-04-06 21:55:01,79470.4
2025-04-06 22:00:02,79614.4
2025-04-06 22:05:01,79710.1
2025-04-06 22:10:01,79595.8
2025-04-06 22:15:02,79475.4
2025-04-06 22:20:01,79664.3
2025-04-06 22:25:02,79457.1
2025-04-06 22:30:01,79380.4
2025-04-06 22:35:01,79046
2025-04-06 22:40:02,79346.9
2025-04-06 22:45:01,79232.6
2025-04-06 22:50:01,78929.7
2025-04-06 22:55:02,78828.2
2025-04-06 23:00:01,78883.9
2025-04-06 23:05:01,79009.8
2025-04-06 23:10:02,78920.2
2025-04-06 23:15:01,79332
2025-04-06 23:20:01,79408
2025-04-06 23:25:02,79490
2025-04-06 23:30:01,79164.2
2025-04-06 23:35:01,79211.9
2025-04-06 23:40:02,79115.3
2025-04-06 23:45:01,79104.9
2025-04-06 23:50:02,79208.3
2025-04-06 23:55:01,79062.4
2025-04-07 00:00:01,78950.1
2025-04-07 00:05:02,78846
2025-04-07 00:10:01,78757.8
2025-04-07 00:15:01,78834.3
2025-04-07 00:20:02,78740
2025-04-07 00:25:01,78765.7
2025-04-07 00:30:02,79055.9
2025-04-07 00:35:01,78890
2025-04-07 00:40:01,78770
2025-04-07 00:45:02,78300.1
2025-04-07 00:50:01,78230
2025-04-07 00:55:01,77992.8
2025-04-07 01:00:02,78064.2
2025-04-07 01:05:01,77948
2025-04-07 01:10:01,77626.1
2025-04-07 01:15:02,77749.7
2025-04-07 01:20:01,77400.1
2025-04-07 01:25:02,77286
2025-04-07 01:30:01,77434
2025-04-07 01:35:01,77636
2025-04-07 01:40:02,78145.6
2025-04-07 01:45:01,78323.5
2025-04-07 01:50:01,78499.9
2025-04-07 01:55:02,78292.1
2025-04-07 02:00:01,78444.1
2025-04-07 02:05:02,77826
2025-04-07 02:10:01,77931.2
2025-04-07 02:15:01,77467.1
2025-04-07 02:20:02,77919.9
2025-04-07 02:25:01,77850
2025-04-07 02:30:01,78332.1
2025-04-07 02:35:02,77974.1
2025-04-07 02:40:01,78178
2025-04-07 02:45:01,77943
2025-04-07 02:50:02,77767.8
2025-04-07 02:55:01,77998.4
2025-04-07 03:00:02,78344.4
2025-04-07 03:05:01,78500.6
2025-04-07 03:10:01,78533.3
2025-04-07 03:15:02,78860
2025-04-07 03:20:01,79030.4
2025-04-07 03:25:01,79204
2025-04-07 03:30:02,79016.7
2025-04-07 03:35:01,78940
2025-04-07 03:40:01,78843.5
2025-04-07 03:45:02,78710
2025-04-07 03:50:01,78910
2025-04-07 03:55:01,79090
2025-04-07 04:00:02,79110.7
2025-04-07 04:05:01,79161.1
2025-04-07 04:10:01,79036.5
2025-04-07 04:15:02,79030.4
2025-04-07 04:20:01,78985.2
2025-04-07 04:25:01,78746.3
2025-04-07 04:30:02,78630
2025-04-07 04:35:01,78832.9
2025-04-07 04:40:02,78476.4
2025-04-07 04:45:01,78499.9
2025-04-07 04:50:01,78666
2025-04-07 04:55:02,78595.2
2025-04-07 05:00:01,78439
2025-04-07 05:05:01,78413.4
2025-04-07 05:10:02,78258.1
2025-04-07 05:15:01,78093.3
2025-04-07 05:20:01,78325.8
2025-04-07 05:25:02,78220.1
2025-04-07 05:30:01,78308.5
2025-04-07 05:35:02,77999.9
2025-04-07 05:40:01,77668
2025-04-07 05:45:01,77414.6
2025-04-07 05:50:02,77560
2025-04-07 05:55:01,77476.1
2025-04-07 06:00:01,77688.9
2025-04-07 06:05:02,77904
2025-04-07 06:10:01,77539.1
2025-04-07 06:15:01,77410
2025-04-07 06:20:02,77300
2025-04-07 06:25:01,77390
2025-04-07 06:30:01,77428
2025-04-07 06:35:02,77217.9
2025-04-07 06:40:01,76860.1
2025-04-07 06:45:01,76804.7
2025-04-07 06:50:02,76780
2025-04-07 06:55:01,76828.8
2025-04-07 07:00:02,77007.5
2025-04-07 07:05:01,76850.1
2025-04-07 07:10:01,76880
2025-04-07 07:15:02,77086.2
2025-04-07 07:20:01,77360.9
2025-04-07 07:25:02,77269.5
2025-04-07 07:30:01,77210
2025-04-07 07:35:01,77050
2025-04-07 07:40:02,77000.7
2025-04-07 07:45:01,76999
2025-04-07 07:50:02,76856.3
2025-04-07 07:55:01,76804.7
2025-04-07 08:00:01,76947.9
2025-04-07 08:05:02,77131.9
2025-04-07 08:10:01,76826.7
2025-04-07 08:15:01,76850.3
2025-04-07 08:20:02,76208
2025-04-07 08:25:01,76122.8
2025-04-07 08:30:01,75871.7
2025-04-07 08:35:02,75459
2025-04-07 08:40:01,75291
2025-04-07 08:45:02,75067.6
2025-04-07 08:50:01,75198
2025-04-07 08:55:01,74661.8
2025-04-07 09:00:02,74825.7
2025-04-07 09:05:01,74583.5
2025-04-07 09:10:02,74904.1
2025-04-07 09:15:01,75084
2025-04-07 09:20:01,75300
2025-04-07 09:25:02,75150
2025-04-07 09:30:01,75050
2025-04-07 09:35:01,74935.9
2025-04-07 09:40:02,75248.2
2025-04-07 09:45:01,75232.4
2025-04-07 09:50:01,75263.9
2025-04-07 09:55:02,75043.4
2025-04-07 10:00:01,75139.9
2025-04-07 10:05:01,75775.7
2025-04-07 10:10:02,75562.1
2025-04-07 10:15:01,75533.3
2025-04-07 10:20:02,75962.3
2025-04-07 10:25:01,76457.2
2025-04-07 10:30:01,76280
2025-04-07 10:35:02,76378
2025-04-07 10:40:01,76406.2
2025-04-07 10:45:02,76628.8
2025-04-07 10:50:01,76548.1
2025-04-07 10:55:01,76317.9
2025-04-07 11:00:02,76252.1
2025-04-07 11:05:01,76399.2
2025-04-07 11:10:02,76327.5
2025-04-07 11:15:01,76115.5
2025-04-07 11:20:02,75813.2
2025-04-07 11:25:01,75929
2025-04-07 11:30:01,76248.4
2025-04-07 11:35:02,76402.2
2025-04-07 11:40:01,76550
2025-04-07 11:45:01,76642
2025-04-07 11:50:02,76726
2025-04-07 11:55:01,76402.1
2025-04-07 12:00:02,76281.4
2025-04-07 12:05:01,76556
2025-04-07 12:10:01,76532.1
2025-04-07 12:15:02,77006.6
2025-04-07 12:20:01,77431.8
2025-04-07 12:25:01,77217.7
2025-04-07 12:30:02,77203.7
2025-04-07 12:35:01,77472.1
2025-04-07 12:40:02,77398.2
2025-04-07 12:45:01,77364.9
2025-04-07 12:50:01,77140
2025-04-07 12:55:02,76925.7
2025-04-07 13:00:01,76990
2025-04-07 13:05:02,77230
2025-04-07 13:10:01,77352.3
2025-04-07 13:15:01,77110
2025-04-07 13:20:02,77113.2
2025-04-07 13:25:01,77036
2025-04-07 13:30:01,77106.5
2025-04-07 13:35:02,76830.8
2025-04-07 13:40:01,76696.4
2025-04-07 13:45:02,76576.6
2025-04-07 13:50:02,76520
2025-04-07 13:55:01,76651.8
2025-04-07 14:00:02,76696
2025-04-07 14:05:01,76697.8
2025-04-07 14:10:02,76544
2025-04-07 14:15:01,76746.4
2025-04-07 14:20:01,76630
2025-04-07 14:25:02,76833.3
2025-04-07 14:30:01,77416.6
2025-04-07 14:35:02,77142.9
2025-04-07 14:40:01,77079
2025-04-07 14:45:01,76940
2025-04-07 14:50:02,77235.2
2025-04-07 14:55:01,77381
2025-04-07 15:00:02,77316
2025-04-07 15:05:01,77184
2025-04-07 15:10:01,77244
2025-04-07 15:15:02,77186.1
2025-04-07 15:20:01,77120.4
2025-04-07 15:25:02,77016.6
2025-04-07 15:30:01,76864.3
2025-04-07 15:35:02,76983.2
2025-04-07 15:40:01,76508
2025-04-07 15:45:01,76052
2025-04-07 15:50:02,76566
2025-04-07 15:55:01,77759.9
2025-04-07 16:00:02,78316
2025-04-07 16:05:01,78086.8
2025-04-07 16:10:02,78358.8
2025-04-07 16:15:02,79551
2025-04-07 16:20:01,80204.4
2025-04-07 16:25:01,78509.1
2025-04-07 16:30:02,78239.9
2025-04-07 16:35:01,78311.4
2025-04-07 16:40:02,78034.6
2025-04-07 16:45:01,78684
2025-04-07 16:50:02,78822.6
2025-04-07 16:55:01,79428.1
2025-04-07 17:00:02,79009.3
2025-04-07 17:05:01,79106.1
2025-04-07 17:10:02,78375.3
2025-04-07 17:15:01,77830.7
2025-04-07 17:20:01,78238
2025-04-07 17:25:02,78000
2025-04-07 17:30:01,78028.1
2025-04-07 17:35:02,78322
2025-04-07 17:40:01,78524.7
2025-04-07 17:45:01,78964.7
2025-04-07 17:50:02,78789.7
2025-04-07 17:55:01,78480
2025-04-07 18:00:01,78473.6
2025-04-07 18:05:02,78377.1
2025-04-07 18:10:01,78267.4
2025-04-07 18:15:01,78272.1
2025-04-07 18:20:02,78180.1
2025-04-07 18:25:01,77999.9
2025-04-07 18:30:02,78329.9
2025-04-07 18:35:01,78497.9
2025-04-07 18:40:01,78210
2025-04-07 18:45:02,77885.7
2025-04-07 18:50:01,77833.3
2025-04-07 18:55:01,77864.1
2025-04-07 19:00:02,77434
2025-04-07 19:05:01,77843.9
2025-04-07 19:10:01,78010
2025-04-07 19:15:02,78230.1
2025-04-07 19:20:01,78350
2025-04-07 19:25:02,78406.8
2025-04-07 19:30:01,78560.6
2025-04-07 19:35:01,78517.4
2025-04-07 19:40:02,78818.5
2025-04-07 19:45:01,78938.7
2025-04-07 19:50:01,78983
2025-04-07 19:55:01,78976.2
2025-04-07 20:00:01,79070
2025-04-07 20:05:02,78998.5
2025-04-07 20:10:01,78945.7
2025-04-07 20:15:01,78829.2
2025-04-07 20:20:02,79272.6
2025-04-07 20:25:01,79100.1
2025-04-07 20:30:02,78616
2025-04-07 20:35:01,78690
2025-04-07 20:40:01,78885.2
2025-04-07 20:45:02,78865.8
2025-04-07 20:50:01,78743.6
2025-04-07 20:55:01,78460
2025-04-07 21:00:02,78460.1
2025-04-07 21:05:01,78583.3
2025-04-07 21:10:01,78319.9
2025-04-07 21:15:02,78323.9
2025-04-07 21:20:01,78576.3
2025-04-07 21:25:02,78455.7
2025-04-07 21:30:01,78283.6
2025-04-07 21:35:01,78746.9
2025-04-07 21:40:02,78658.1
2025-04-07 21:45:01,78130
2025-04-07 21:50:01,78163.5
2025-04-07 21:55:02,78363.6
2025-04-07 22:00:01,78100.5
2025-04-07 22:05:02,78399.9
2025-04-07 22:10:01,78510
2025-04-07 22:15:01,78241.1
2025-04-07 22:20:02,78554.1
2025-04-07 22:25:01,78530
2025-04-07 22:30:01,78688.6
2025-04-07 22:35:02,78914.8
2025-04-07 22:40:01,78874.9
2025-04-07 22:45:01,79087.7
2025-04-07 22:50:02,78928.3
2025-04-07 22:55:01,78959
2025-04-07 23:00:02,78936
2025-04-07 23:05:01,78833.3
2025-04-07 23:10:01,78780.1
2025-04-07 23:15:02,79110
2025-04-07 23:20:01,79196
2025-04-07 23:25:01,78988.1
2025-04-07 23:30:02,78959.9
2025-04-07 23:35:01,78920
2025-04-07 23:40:01,78892.9
2025-04-07 23:45:02,79016.6
2025-04-07 23:50:01,79279.2
2025-04-07 23:55:01,79454.6
2025-04-08 00:00:02,79245.5
2025-04-08 00:05:01,79261.4
2025-04-08 00:10:02,79498
2025-04-08 00:15:01,79602.2
2025-04-08 00:20:02,79674
2025-04-08 00:25:01,79789.5
2025-04-08 00:30:02,79805.2
2025-04-08 00:35:01,79749.9
2025-04-08 00:40:01,79810
2025-04-08 00:45:02,79949.9
2025-04-08 00:50:01,79880
2025-04-08 00:55:01,80121.9
2025-04-08 01:00:02,79954.7
2025-04-08 01:05:01,79911.9
2025-04-08 01:10:02,79959.9
2025-04-08 01:15:01,79772
2025-04-08 01:20:01,79750
2025-04-08 01:25:02,79692.6
2025-04-08 01:30:01,79854
2025-04-08 01:35:02,79723.9
2025-04-08 01:40:01,79423.6
2025-04-08 01:45:01,79315.8
2025-04-08 01:50:02,79347.4
2025-04-08 01:55:01,79232.8
2025-04-08 02:00:01,79174.4
2025-04-08 02:05:02,79285.7
2025-04-08 02:10:01,79320
2025-04-08 02:15:02,79526.5
2025-04-08 02:20:01,79536
2025-04-08 02:25:01,79488.2
2025-04-08 02:30:02,79356.4
2025-04-08 02:35:01,79252
2025-04-08 02:40:01,79296.5
2025-04-08 02:45:02,79350
2025-04-08 02:50:01,79253
2025-04-08 02:55:02,79325.7
2025-04-08 03:00:01,79024.1
2025-04-08 03:05:01,79005.6
2025-04-08 03:10:02,79156.5
2025-04-08 03:15:01,79220
2025-04-08 03:20:02,79199.1
2025-04-08 03:25:01,79519.4
2025-04-08 03:30:01,79707.6
2025-04-08 03:35:01,79805.9
2025-04-08 03:40:01,80359.9
2025-04-08 03:45:02,80433.2
2025-04-08 03:50:01,80327.9
2025-04-08 03:55:01,80627.9
2025-04-08 04:00:02,80599.6
2025-04-08 04:05:01,80429.5
2025-04-08 04:10:02,80766
2025-04-08 04:15:01,80646.4
2025-04-08 04:20:01,80494
2025-04-08 04:25:01,80499.9
2025-04-08 04:30:01,80454
2025-04-08 04:35:02,80367.7
2025-04-08 04:40:01,80303.6
2025-04-08 04:45:01,80236.2
2025-04-08 04:50:02,80196.5
2025-04-08 04:55:01,79986.9
2025-04-08 05:00:02,79948
2025-04-08 05:05:01,80060.1
2025-04-08 05:10:02,79914
2025-04-08 05:15:01,79964
2025-04-08 05:20:01,79818.7
2025-04-08 05:25:02,79986.7
2025-04-08 05:30:01,80166.1
2025-04-08 05:35:02,80143.4
2025-04-08 05:40:01,79983.1
2025-04-08 05:45:01,79865.8
2025-04-08 05:50:02,79878.4
2025-04-08 05:55:01,79792.1
2025-04-08 06:00:02,79904.9
2025-04-08 06:05:01,79874.1
2025-04-08 06:10:01,79978
2025-04-08 06:15:02,80074.2
2025-04-08 06:20:01,80056
2025-04-08 06:25:02,80150.4
2025-04-08 06:30:01,80254
2025-04-08 06:35:01,80172
2025-04-08 06:40:02,80346
2025-04-08 06:45:01,80301.4
2025-04-08 06:50:01,80270
2025-04-08 06:55:02,80251.9
2025-04-08 07:00:01,80294.5
2025-04-08 07:05:01,80068.5
2025-04-08 07:10:02,79870.5
2025-04-08 07:15:01,79810.2
2025-04-08 07:20:02,79717.2
2025-04-08 07:25:01,79614.2
2025-04-08 07:30:01,79597.9
2025-04-08 07:35:02,79606.1
2025-04-08 07:40:01,79792.6
2025-04-08 07:45:01,79680.1
2025-04-08 07:50:02,79720.4
2025-04-08 07:55:01,79844
2025-04-08 08:00:02,79836.1
2025-04-08 08:05:01,79662.1
2025-04-08 08:10:01,79572.8
2025-04-08 08:15:02,79484
2025-04-08 08:20:01,79469.9
2025-04-08 08:25:01,79408.1
2025-04-08 08:30:02,79402.3
2025-04-08 08:35:01,79378
2025-04-08 08:40:02,79401
2025-04-08 08:45:01,79537.2
2025-04-08 08:50:01,79445.8
2025-04-08 08:55:02,79470.1
2025-04-08 09:00:01,79445.9
2025-04-08 09:05:01,79456.3
2025-04-08 09:10:02,79335.9
2025-04-08 09:15:01,79490.7
2025-04-08 09:20:01,79408.1
2025-04-08 09:25:02,79608.8
2025-04-08 09:30:01,79549.2
2025-04-08 09:35:02,79441.3
2025-04-08 09:40:01,79456
2025-04-08 09:45:01,79471.2
2025-04-08 09:50:02,79355.1
2025-04-08 09:55:01,79388.9
2025-04-08 10:00:02,79468.4
2025-04-08 10:05:01,79495.5
2025-04-08 10:10:01,79246
2025-04-08 10:15:02,79058.8
2025-04-08 10:20:01,79134
2025-04-08 10:25:01,79008.1
2025-04-08 10:30:02,78952
2025-04-08 10:35:01,79078.8
2025-04-08 10:40:02,79142.8
2025-04-08 10:45:01,79220.1
2025-04-08 10:50:01,79140
2025-04-08 10:55:02,79156.1
2025-04-08 11:00:01,79170
2025-04-08 11:05:02,79122.6
2025-04-08 11:10:01,79182.1
2025-04-08 11:15:01,79116.1
2025-04-08 11:20:02,79024.2
2025-04-08 11:25:01,79052.4
2025-04-08 11:30:02,78882.9
2025-04-08 11:35:01,78894.9
2025-04-08 11:40:01,79010
2025-04-08 11:45:02,79130.5
2025-04-08 11:50:01,79160
2025-04-08 11:55:01,79024
2025-04-08 12:00:02,78906.2
2025-04-08 12:05:01,78980.5
2025-04-08 12:10:02,79044
2025-04-08 12:15:01,78906.4
2025-04-08 12:20:02,78964.2
2025-04-08 12:25:01,79029.5
2025-04-08 12:30:01,79006
2025-04-08 12:35:02,79026
2025-04-08 12:40:01,79130.1
2025-04-08 12:45:01,79068.2
2025-04-08 12:50:02,79047.4
2025-04-08 12:55:01,78972
2025-04-08 13:00:01,79029.2
2025-04-08 13:05:02,79037.4
2025-04-08 13:10:01,79164
2025-04-08 13:15:02,79166.7
2025-04-08 13:20:01,79233.2
2025-04-08 13:25:01,79290
2025-04-08 13:30:02,79356.1
2025-04-08 13:35:01,79599.8
2025-04-08 13:40:01,79686.4
2025-04-08 13:45:02,79601.1
2025-04-08 13:50:01,79760
2025-04-08 13:55:02,79902.7
2025-04-08 14:00:01,79985.7
2025-04-08 14:05:01,79856.1
2025-04-08 14:10:02,80030
2025-04-08 14:15:01,79982
2025-04-08 14:20:02,79929.2
2025-04-08 14:25:01,79838
2025-04-08 14:30:01,79876
2025-04-08 14:35:02,79777.9
2025-04-08 14:40:01,79676.1
2025-04-08 14:45:02,79686.8
2025-04-08 14:50:01,79641.3
2025-04-08 14:55:01,79794.5
2025-04-08 15:00:02,79831.8
2025-04-08 15:05:01,79933.4
2025-04-08 15:10:01,80266.6
2025-04-08 15:15:02,80062.8
2025-04-08 15:20:01,80044
2025-04-08 15:25:02,80152.5
2025-04-08 15:30:01,80170
2025-04-08 15:35:01,80002.1
2025-04-08 15:40:02,79788
2025-04-08 15:45:01,79784
2025-04-08 15:50:02,79642.6
2025-04-08 15:55:01,79860
2025-04-08 16:00:01,79920
2025-04-08 16:05:02,80033.3
2025-04-08 16:10:01,80045.9
2025-04-08 16:15:01,79970
2025-04-08 16:20:02,80006
2025-04-08 16:25:01,79600
2025-04-08 16:30:02,79456.3
2025-04-08 16:35:01,79501.7
2025-04-08 16:40:01,79480.8
2025-04-08 16:45:02,79146.3
2025-04-08 16:50:01,79077.8
2025-04-08 16:55:01,78818.2
2025-04-08 17:00:02,78512.3
2025-04-08 17:05:01,78731.5
2025-04-08 17:10:02,78527.1
2025-04-08 17:15:01,78340
2025-04-08 17:20:01,78440
2025-04-08 17:25:02,78323.1
2025-04-08 17:30:01,78206.6
2025-04-08 17:35:02,78377.8
2025-04-08 17:40:01,78656
2025-04-08 17:45:01,78610
2025-04-08 17:50:02,78411.7
2025-04-08 17:55:01,78444
2025-04-08 18:00:01,78465.1
2025-04-08 18:05:02,78404.5
2025-04-08 18:10:01,78370
2025-04-08 18:15:02,78198.4
2025-04-08 18:20:01,78032.1
2025-04-08 18:25:02,77882.6
2025-04-08 18:30:01,78119.9
2025-04-08 18:35:01,77826.5
2025-04-08 18:40:02,77568.1
2025-04-08 18:45:01,77540
2025-04-08 18:50:02,77716.6
2025-04-08 18:55:01,77569.9
2025-04-08 19:00:01,77439
2025-04-08 19:05:02,77454
2025-04-08 19:10:01,77133.9
2025-04-08 19:15:01,77005.5
2025-04-08 19:20:02,77074
2025-04-08 19:25:01,76930
2025-04-08 19:30:01,76657.3
2025-04-08 19:35:02,76602.9
2025-04-08 19:40:01,77028.1
2025-04-08 19:45:01,77327.7
2025-04-08 19:50:02,77053.3
2025-04-08 19:55:01,77353.9
2025-04-08 20:00:02,77327.5
2025-04-08 20:05:01,77340.1
2025-04-08 20:10:01,77186.3
2025-04-08 20:15:02,77159.4
2025-04-08 20:20:01,77419.4
2025-04-08 20:25:02,77695.9
2025-04-08 20:30:01,77329.9
2025-04-08 20:35:01,77520
2025-04-08 20:40:02,77528.7
2025-04-08 20:45:01,77457.3
2025-04-08 20:50:01,77451.6
2025-04-08 20:55:02,77284.7
2025-04-08 21:00:01,77252
2025-04-08 21:05:02,77142.1
2025-04-08 21:10:01,76964
2025-04-08 21:15:01,76810
2025-04-08 21:20:02,76768.1
2025-04-08 21:25:01,76990
2025-04-08 21:30:01,76849.9
2025-04-08 21:35:02,76606.4
2025-04-08 21:40:01,76620.8
2025-04-08 21:45:01,76476
2025-04-08 21:50:02,76656.9
2025-04-08 21:55:01,76909.1
2025-04-08 22:00:02,76831.5
2025-04-08 22:05:01,76742.2
2025-04-08 22:10:01,76915.7
2025-04-08 22:15:02,76865
2025-04-08 22:20:01,76900.5
2025-04-08 22:25:01,76676.8
2025-04-08 22:30:02,76660
2025-04-08 22:35:01,76770
2025-04-08 22:40:02,77018.3
2025-04-08 22:45:01,77146.1
2025-04-08 22:50:01,77106
2025-04-08 22:55:02,77119.3
2025-04-08 23:00:01,77144.8
2025-04-08 23:05:02,77129.2
2025-04-08 23:10:01,76957
2025-04-08 23:15:01,77035.7
2025-04-08 23:20:02,77033.8
2025-04-08 23:25:01,77070
2025-04-08 23:30:02,76841.7
2025-04-08 23:35:01,76959.1
2025-04-08 23:40:01,76928.5
2025-04-08 23:45:02,77078.2
2025-04-08 23:50:01,77133.3
2025-04-08 23:55:01,77087.2
2025-04-09 00:00:02,77119
2025-04-09 00:05:01,76716.6
2025-04-09 00:10:02,76777.8
2025-04-09 00:15:01,76765.5
2025-04-09 00:20:01,76822.1
2025-04-09 00:25:02,76790.3
2025-04-09 00:30:01,76698.6
2025-04-09 00:35:01,76578
2025-04-09 00:40:02,76414.3
2025-04-09 00:45:01,76528.1
2025-04-09 00:50:01,76504.2
2025-04-09 00:55:02,76665.6
2025-04-09 01:00:01,76725
2025-04-09 01:05:02,76630.1
2025-04-09 01:10:01,76584.4
2025-04-09 01:15:01,76594.3
2025-04-09 01:20:02,76530.3
2025-04-09 01:25:01,76570
2025-04-09 01:30:02,76350.1
2025-04-09 01:35:01,76455
2025-04-09 01:40:01,76523.9
2025-04-09 01:45:02,76362.6
2025-04-09 01:50:01,76469.9
2025-04-09 01:55:01,76386.8
2025-04-09 02:00:02,76330
2025-04-09 02:05:01,76072.1
2025-04-09 02:10:01,76242
2025-04-09 02:15:02,76615.2
2025-04-09 02:20:01,76626
2025-04-09 02:25:02,76750
2025-04-09 02:30:01,76668
2025-04-09 02:35:01,76767
2025-04-09 02:40:02,76500.1
2025-04-09 02:45:01,76646
2025-04-09 02:50:01,76574.6
2025-04-09 02:55:02,76422
2025-04-09 03:00:01,76530
2025-04-09 03:05:01,76413.5
2025-04-09 03:10:02,75824.2
2025-04-09 03:15:01,75321.4
2025-04-09 03:20:02,75209.9
2025-04-09 03:25:01,75025.9
2025-04-09 03:30:01,74686
2025-04-09 03:35:02,75410.1
2025-04-09 03:40:01,75668.9
2025-04-09 03:45:01,75500
2025-04-09 03:50:02,76109.3
2025-04-09 03:55:01,76100
2025-04-09 04:00:02,76137.4
2025-04-09 04:05:01,76210
2025-04-09 04:10:01,76208.4
2025-04-09 04:15:02,76218
2025-04-09 04:20:01,76277.3
2025-04-09 04:25:01,76111.3
2025-04-09 04:30:02,75861.9
2025-04-09 04:35:01,76055.9
2025-04-09 04:40:01,75907.8
2025-04-09 04:45:01,75591.4
2025-04-09 04:50:01,75806.2
2025-04-09 04:55:02,75922
2025-04-09 05:00:01,75675.4
2025-04-09 05:05:01,75608
2025-04-09 05:10:02,75620.1
2025-04-09 05:15:01,75766.7
2025-04-09 05:20:01,75657.6
2025-04-09 05:25:02,75705.3
2025-04-09 05:30:01,75497.2
2025-04-09 05:35:02,75695.2
2025-04-09 05:40:01,75485.9
2025-04-09 05:45:01,75292
2025-04-09 05:50:02,75333.5
2025-04-09 05:55:01,75144.9
2025-04-09 06:00:01,75044
2025-04-09 06:05:02,75466.6
2025-04-09 06:10:01,75311
2025-04-09 06:15:02,75853.3
2025-04-09 06:20:01,75809.1
2025-04-09 06:25:01,75721.8
2025-04-09 06:30:02,75737.8
2025-04-09 06:35:01,76076.4
2025-04-09 06:40:02,76342.1
2025-04-09 06:45:01,76568
2025-04-09 06:50:01,76754
2025-04-09 06:55:02,76542.8
2025-04-09 07:00:01,76421.9
2025-04-09 07:05:01,76418.5
2025-04-09 07:10:02,76510
2025-04-09 07:15:01,76443.9
2025-04-09 07:20:01,76511.6
2025-04-09 07:25:02,76620
2025-04-09 07:30:01,76640
2025-04-09 07:35:01,76602.9
2025-04-09 07:40:02,76530
2025-04-09 07:45:01,76529.7
2025-04-09 07:50:01,76633.2
2025-04-09 07:55:02,76606.4
2025-04-09 08:00:01,76736
2025-04-09 08:05:02,76873.9
2025-04-09 08:10:01,77023.1
2025-04-09 08:15:01,77292.1
2025-04-09 08:20:02,77045.6
2025-04-09 08:25:01,76976
2025-04-09 08:30:01,76914.6
2025-04-09 08:35:02,76983.3
2025-04-09 08:40:01,76930.2
2025-04-09 08:45:01,77135.2
2025-04-09 08:50:02,76969.9
2025-04-09 08:55:01,76935.5
2025-04-09 09:00:01,76824
2025-04-09 09:05:02,77433.3
2025-04-09 09:10:01,77311.5
2025-04-09 09:15:01,77641.5
2025-04-09 09:20:01,77530
2025-04-09 09:25:01,77574
2025-04-09 09:30:02,77705.8
2025-04-09 09:35:01,77858.7
2025-04-09 09:40:01,77806.4
2025-04-09 09:45:02,77910
2025-04-09 09:50:01,77737.5
2025-04-09 09:55:02,77666
2025-04-09 10:00:01,77690
2025-04-09 10:05:01,77613.6
2025-04-09 10:10:02,77434.5
2025-04-09 10:15:01,77438.4
2025-04-09 10:20:01,77409.9
2025-04-09 10:25:02,77499.9
2025-04-09 10:30:01,77310
2025-04-09 10:35:01,77219.8
2025-04-09 10:40:02,77110
2025-04-09 10:45:01,77260.1
2025-04-09 10:50:01,77186
2025-04-09 10:55:02,77290
2025-04-09 11:00:01,77305.9
2025-04-09 11:05:01,77297.4
2025-04-09 11:10:02,77430
2025-04-09 11:15:01,77354
2025-04-09 11:20:01,77263.6
2025-04-09 11:25:02,77287.2
2025-04-09 11:30:01,77253.5
2025-04-09 11:35:02,77182
2025-04-09 11:40:01,77202.1
2025-04-09 11:45:01,77383.8
2025-04-09 11:50:02,77361
2025-04-09 11:55:01,77474.1
2025-04-09 12:00:01,77470
2025-04-09 12:05:01,77361.5
2025-04-09 12:10:01,77430
2025-04-09 12:15:02,77520
2025-04-09 12:20:01,77426.1
2025-04-09 12:25:01,77254.4
2025-04-09 12:30:02,77218.3
2025-04-09 12:35:01,76987.7
2025-04-09 12:40:01,77066.9
2025-04-09 12:45:02,77099.8
2025-04-09 12:50:01,77150
2025-04-09 12:55:01,77336
2025-04-09 13:00:02,77193.9
2025-04-09 13:05:01,76283
2025-04-09 13:10:01,76117.9
2025-04-09 13:15:02,76584.1
2025-04-09 13:20:01,76507.9
2025-04-09 13:25:01,76360.2
2025-04-09 13:30:02,76568.7
2025-04-09 13:35:01,76025.9
2025-04-09 13:40:02,75930
2025-04-09 13:45:01,75942.8
2025-04-09 13:50:01,76310
2025-04-09 13:55:02,76145.2
2025-04-09 14:00:01,76238.3
2025-04-09 14:05:01,76300.1
2025-04-09 14:10:02,76372.5
2025-04-09 14:15:01,76464.4
2025-04-09 14:20:02,76499.9
2025-04-09 14:25:01,76264.5
2025-04-09 14:30:01,76283.3
2025-04-09 14:35:02,76261.9
2025-04-09 14:40:01,76205.9
2025-04-09 14:45:01,76523.2
2025-04-09 14:50:02,76892
2025-04-09 14:55:01,76904.9
2025-04-09 15:00:01,76780.3
2025-04-09 15:05:02,76914.1
2025-04-09 15:10:01,76869
2025-04-09 15:15:01,76960
2025-04-09 15:20:02,77041.9
2025-04-09 15:25:01,76860
2025-04-09 15:30:02,76875.4
2025-04-09 15:35:01,77189.9
2025-04-09 15:40:01,77693.9
2025-04-09 15:45:01,77281.6
2025-04-09 15:50:01,77430.3
2025-04-09 15:55:01,77645.3
2025-04-09 16:00:02,77849.9
2025-04-09 16:05:01,78070
2025-04-09 16:10:01,77520
2025-04-09 16:15:02,77368.1
2025-04-09 16:20:01,77604
2025-04-09 16:25:01,77610
2025-04-09 16:30:02,77583.4
2025-04-09 16:35:01,77860
2025-04-09 16:40:02,77554.9
2025-04-09 16:45:01,77497.2
2025-04-09 16:50:01,77307.9
2025-04-09 16:55:02,77232
2025-04-09 17:00:01,76881.5
2025-04-09 17:05:01,77263.8
2025-04-09 17:10:02,77347.9
2025-04-09 17:15:01,77402.9
2025-04-09 17:20:01,77512.1
2025-04-09 17:25:02,77473.5
2025-04-09 17:30:01,77400
2025-04-09 17:35:01,77277.9
2025-04-09 17:40:02,77080
2025-04-09 17:45:01,77110
2025-04-09 17:50:01,77348.9
2025-04-09 17:55:02,77288
2025-04-09 18:00:01,77269.3
2025-04-09 18:05:01,77330
2025-04-09 18:10:02,77508.7
2025-04-09 18:15:01,77760
2025-04-09 18:20:01,77718
2025-04-09 18:25:02,77600.6
2025-04-09 18:30:01,77590.3
2025-04-09 18:35:02,77835.9
2025-04-09 18:40:01,77911.5
2025-04-09 18:45:01,77830
2025-04-09 18:50:02,77996
2025-04-09 18:55:01,78111.7
2025-04-09 19:00:01,78272
2025-04-09 19:05:02,78749.9
2025-04-09 19:10:01,78268.9
2025-04-09 19:15:01,78539.9
2025-04-09 19:20:02,78802.2
2025-04-09 19:25:01,80744
2025-04-09 19:30:01,80904.2
2025-04-09 19:35:01,81532.7
2025-04-09 19:40:01,81171.1
2025-04-09 19:45:01,80983.2
2025-04-09 19:50:02,81322.2
2025-04-09 19:55:01,81529.7
2025-04-09 20:00:02,82302
2025-04-09 20:05:01,82067.7
2025-04-09 20:10:01,82034.2
2025-04-09 20:15:02,82321.9
2025-04-09 20:20:01,82378.7
2025-04-09 20:25:01,82919.7
2025-04-09 20:30:02,82584.1
2025-04-09 20:35:01,82312.9
2025-04-09 20:40:01,82594
2025-04-09 20:45:02,82158.6
2025-04-09 20:50:01,82105.9
2025-04-09 20:55:02,82056.8
2025-04-09 21:00:01,81794
2025-04-09 21:05:01,82027.6
2025-04-09 21:10:02,81977.7
2025-04-09 21:15:01,82272.2
2025-04-09 21:20:01,82366.4
2025-04-09 21:25:02,82443.9
2025-04-09 21:30:01,82387.9
2025-04-09 21:35:01,82496.2
2025-04-09 21:40:02,82422
2025-04-09 21:45:01,82307.9
2025-04-09 21:50:02,82367.2
2025-04-09 21:55:01,82354.6
2025-04-09 22:00:01,82342.6
2025-04-09 22:05:02,82293.5
2025-04-09 22:10:01,82303.9
2025-04-09 22:15:01,82179.9
2025-04-09 22:20:02,82170.3
2025-04-09 22:25:01,82074.3
2025-04-09 22:30:01,82066.1
2025-04-09 22:35:02,82449.9
2025-04-09 22:40:01,82544
2025-04-09 22:45:02,82772
2025-04-09 22:50:01,82768.1
2025-04-09 22:55:01,82979.1
2025-04-09 23:00:02,83188.9
2025-04-09 23:05:01,83146.7
2025-04-09 23:10:01,83349.9
2025-04-09 23:15:02,83466.2
2025-04-09 23:20:01,83410.6
2025-04-09 23:25:01,83388.1
2025-04-09 23:30:02,83310.8
2025-04-09 23:35:01,83099.8
2025-04-09 23:40:01,82896
2025-04-09 23:45:02,82944.6
2025-04-09 23:50:01,83133
2025-04-09 23:55:01,83250.9
2025-04-10 00:00:02,83349.9
2025-04-10 00:05:01,83332.6
2025-04-10 00:10:02,83301.9
2025-04-10 00:15:01,83304.2
2025-04-10 00:20:01,83419.8
2025-04-10 00:25:02,83303.1
2025-04-10 00:30:01,83347.6
2025-04-10 00:35:01,83250
2025-04-10 00:40:02,83156
2025-04-10 00:45:01,83020.9
2025-04-10 00:50:01,83068.5
2025-04-10 00:55:02,83026.1
2025-04-10 01:00:01,83054.1
2025-04-10 01:05:02,83019.2
2025-04-10 01:10:01,83120
2025-04-10 01:15:01,83022.2
2025-04-10 01:20:02,82921.9
2025-04-10 01:25:01,82790.7
2025-04-10 01:30:01,82770
2025-04-10 01:35:02,82849.9
2025-04-10 01:40:01,82721.6
2025-04-10 01:45:01,82783.7
2025-04-10 01:50:02,82653.2
2025-04-10 01:55:01,82621
2025-04-10 02:00:01,82614.4
2025-04-10 02:05:01,82616.6
2025-04-10 02:10:01,82541.9
2025-04-10 02:15:02,82486.8
2025-04-10 02:20:01,82472.1
2025-04-10 02:25:01,82404
2025-04-10 02:30:02,82435.9
2025-04-10 02:35:01,82445.9
2025-04-10 02:40:01,82288.3
2025-04-10 02:45:02,82149.9
2025-04-10 02:50:01,82115.9
2025-04-10 02:55:01,82206.7
2025-04-10 03:00:02,82339.5
2025-04-10 03:05:01,82357.3
2025-04-10 03:10:01,82458.3
2025-04-10 03:15:02,82515
2025-04-10 03:20:01,82553.5
2025-04-10 03:25:01,82406.3
2025-04-10 03:30:02,82432.3
2025-04-10 03:35:01,82318.4
2025-04-10 03:40:01,82450
2025-04-10 03:45:02,82378.4
2025-04-10 03:50:01,82441.7
2025-04-10 03:55:01,82351.4
2025-04-10 04:00:02,82252.4
2025-04-10 04:05:01,82314
2025-04-10 04:10:02,82426.5
2025-04-10 04:15:01,82507.2
2025-04-10 04:20:01,82480
2025-04-10 04:25:02,82553.2
2025-04-10 04:30:01,82466.5
2025-04-10 04:35:01,82342.2
2025-04-10 04:40:02,82425.4
2025-04-10 04:45:01,82350.4
2025-04-10 04:50:01,82294
2025-04-10 04:55:02,82255.9
2025-04-10 05:00:01,82206
2025-04-10 05:05:01,82100.1
2025-04-10 05:10:02,81977.7
2025-04-10 05:15:01,81739.8
2025-04-10 05:20:01,81560
2025-04-10 05:25:02,81630
2025-04-10 05:30:01,81651
2025-04-10 05:35:01,81578.1
2025-04-10 05:40:02,81775.3
2025-04-10 05:45:01,81724
2025-04-10 05:50:01,81669.4
2025-04-10 05:55:02,81680
2025-04-10 06:00:01,81773.9
2025-04-10 06:05:02,81863
2025-04-10 06:10:01,81793.2
2025-04-10 06:15:01,81700
2025-04-10 06:20:02,81753.3
2025-04-10 06:25:01,81799.9
2025-04-10 06:30:01,81652.1
2025-04-10 06:35:02,81675.6
2025-04-10 06:40:01,81763.9
2025-04-10 06:45:01,81841.2
2025-04-10 06:50:02,81957.9
2025-04-10 06:55:01,81966.7
2025-04-10 07:00:01,82018
2025-04-10 07:05:02,81950
2025-04-10 07:10:01,82100.8
2025-04-10 07:15:01,82096.1
2025-04-10 07:20:02,82107.6
2025-04-10 07:25:01,82172
2025-04-10 07:30:02,82169.5
2025-04-10 07:35:01,82150
2025-04-10 07:40:01,82140
2025-04-10 07:45:02,82190
2025-04-10 07:50:01,82088.2
2025-04-10 07:55:01,82119.9
2025-04-10 08:00:02,82163.3
2025-04-10 08:05:01,82160
2025-04-10 08:10:02,82274.1
2025-04-10 08:15:01,82259.8
2025-04-10 08:20:01,82241
2025-04-10 08:25:02,82226
2025-04-10 08:30:01,82093.8
2025-04-10 08:35:01,81998.2
2025-04-10 08:40:02,81977.1
2025-04-10 08:45:01,81907.9
2025-04-10 08:50:01,81900
2025-04-10 08:55:02,82037.4
2025-04-10 09:00:01,82147.9
2025-04-10 09:05:01,82155.9
2025-04-10 09:10:02,82068.7
2025-04-10 09:15:01,82104
2025-04-10 09:20:02,82013.3
2025-04-10 09:25:01,82000.5
2025-04-10 09:30:01,81801.9
2025-04-10 09:35:02,81366
2025-04-10 09:40:01,81470
2025-04-10 09:45:01,81566
2025-04-10 09:50:02,81782
2025-04-10 09:55:01,81713.8
2025-04-10 10:00:01,81610
2025-04-10 10:05:02,81615.4
2025-04-10 10:10:01,81797.9
2025-04-10 10:15:01,81750.5
2025-04-10 10:20:02,81716.3
2025-04-10 10:25:01,81638.3
2025-04-10 10:30:02,81760.5
2025-04-10 10:35:01,81564.5
2025-04-10 10:40:01,81444
2025-04-10 10:45:02,81590
2025-04-10 10:50:01,81666.6
2025-04-10 10:55:01,81538.2
2025-04-10 11:00:02,81549.4
2025-04-10 11:05:01,81470.2
2025-04-10 11:10:01,81383.3
2025-04-10 11:15:02,81501.4
2025-04-10 11:20:12,81799.8
2025-04-10 11:25:02,81833.4
2025-04-10 11:30:01,81768.3
2025-04-10 11:35:01,81910.1
2025-04-10 11:40:02,81893.1
2025-04-10 11:45:01,81816.1
2025-04-10 11:50:01,81938.5
2025-04-10 11:55:02,82031.9
2025-04-10 12:00:01,82030
2025-04-10 12:05:02,82053.6
2025-04-10 12:10:01,82020.4
2025-04-10 12:15:02,82066
2025-04-10 12:20:01,81909
2025-04-10 12:25:01,81820
2025-04-10 12:30:02,81716.6
2025-04-10 12:35:01,81777.9
2025-04-10 12:40:01,81744.8
2025-04-10 12:45:02,81610.1
2025-04-10 12:50:01,81678.7
2025-04-10 12:55:01,81659.4
2025-04-10 13:00:02,81770
2025-04-10 13:05:01,81686.3
2025-04-10 13:10:01,81657.9
2025-04-10 13:15:02,81550
2025-04-10 13:20:01,81577.7
2025-04-10 13:25:01,81719.6
2025-04-10 13:30:02,81626.1
2025-04-10 13:35:01,81698.1
2025-04-10 13:40:02,81767.6
2025-04-10 13:45:01,81855.9
2025-04-10 13:50:01,81887.8
2025-04-10 13:55:02,81836
2025-04-10 14:00:01,81874
2025-04-10 14:05:01,81826.1
2025-04-10 14:10:02,81673.3
2025-04-10 14:15:01,81651.9
2025-04-10 14:20:02,81760
2025-04-10 14:25:01,81697.4
2025-04-10 14:30:01,82014
2025-04-10 14:35:02,82020.1
2025-04-10 14:40:01,82010
2025-04-10 14:45:02,81834.1
2025-04-10 14:50:01,81629.3
2025-04-10 14:55:01,81720
2025-04-10 15:00:02,81716.6
2025-04-10 15:05:01,81628.8
2025-04-10 15:10:01,81540.1
2025-04-10 15:15:02,81544.1
2025-04-10 15:20:01,81816.1
2025-04-10 15:25:01,81842.1
2025-04-10 15:30:02,81708.2
2025-04-10 15:35:01,81501.9
2025-04-10 15:40:02,81170
2025-04-10 15:45:01,80865.1
2025-04-10 15:50:01,81201.6
2025-04-10 15:55:02,81150
2025-04-10 16:00:01,80871.9
2025-04-10 16:05:02,81003.8
2025-04-10 16:10:01,81060.8
2025-04-10 16:15:01,81106.1
2025-04-10 16:20:02,81111.7
2025-04-10 16:25:01,81434.3
2025-04-10 16:30:01,81303.6
2025-04-10 16:35:02,81603.9
2025-04-10 16:40:01,81588
2025-04-10 16:45:01,81640
2025-04-10 16:50:02,81502
2025-04-10 16:55:01,81468.8
2025-04-10 17:00:01,81268.9
2025-04-10 17:05:02,80962.1
2025-04-10 17:10:01,81074.7
2025-04-10 17:15:02,80715
2025-04-10 17:20:01,80573.9
2025-04-10 17:25:01,80352
2025-04-10 17:30:02,80231.4
2025-04-10 17:35:01,79928.8
2025-04-10 17:40:01,79255
2025-04-10 17:45:02,79190
2025-04-10 17:50:01,78699.1
2025-04-10 17:55:01,79216
2025-04-10 18:00:02,78718.4
2025-04-10 18:05:01,78770.1
2025-04-10 18:10:01,79072.2
2025-04-10 18:15:02,78842
2025-04-10 18:20:01,78806.4
2025-04-10 18:25:01,78899.7
2025-04-10 18:30:02,78832
2025-04-10 18:35:01,79307.3
2025-04-10 18:40:01,79326.5
2025-04-10 18:45:01,79204.8
2025-04-10 18:50:02,79440
2025-04-10 18:55:01,79411.9
2025-04-10 19:00:01,79444
2025-04-10 19:05:02,79200
2025-04-10 19:10:01,78820
2025-04-10 19:15:02,78777.6
2025-04-10 19:20:01,78933.3
2025-04-10 19:25:01,79055.8
2025-04-10 19:30:02,79174.8
2025-04-10 19:35:01,79139.9
2025-04-10 19:40:02,79245.5
2025-04-10 19:45:01,79370
2025-04-10 19:50:01,79239.9
2025-04-10 19:55:02,79309
2025-04-10 20:00:01,79313.3
2025-04-10 20:05:01,79531.4
2025-04-10 20:10:01,79403.9
2025-04-10 20:15:01,79271
2025-04-10 20:20:02,79441.8
2025-04-10 20:25:01,79633.5
2025-04-10 20:30:01,79747
2025-04-10 20:35:02,79584
2025-04-10 20:40:01,79639.9
2025-04-10 20:45:01,79700
2025-04-10 20:50:02,79534.5
2025-04-10 20:55:01,79377.6
2025-04-10 21:00:01,79424.8
2025-04-10 21:05:02,79706.4
2025-04-10 21:10:01,79540.1
2025-04-10 21:15:01,79575
2025-04-10 21:20:02,79633.4
2025-04-10 21:25:01,79512.6
2025-04-10 21:30:01,79361.1
2025-04-10 21:35:02,79546.5
2025-04-10 21:40:01,79602.6
2025-04-10 21:45:01,79350.2
2025-04-10 21:50:02,79528.2
2025-04-10 21:55:01,79644.3
2025-04-10 22:00:02,79616.2
2025-04-10 22:05:01,79808
2025-04-10 22:10:01,79905
2025-04-10 22:15:02,79908.4
2025-04-10 22:20:01,79750.1
2025-04-10 22:25:01,79579.9
2025-04-10 22:30:02,79596
2025-04-10 22:35:01,79730.3
2025-04-10 22:40:01,79795.7
2025-04-10 22:45:02,79856.1
2025-04-10 22:50:01,79930.5
2025-04-10 22:55:01,79896.3
2025-04-10 23:00:02,79924.8
2025-04-10 23:05:01,79933.2
2025-04-10 23:10:02,80000
2025-04-10 23:15:01,79796.9
2025-04-10 23:20:01,79792.7
2025-04-10 23:25:02,79731.7
2025-04-10 23:30:01,79837.5
2025-04-10 23:35:01,79893.2
2025-04-10 23:40:02,79880
2025-04-10 23:45:01,79828.3
2025-04-10 23:50:01,79764.8
2025-04-10 23:55:02,79752.8
2025-04-11 00:00:01,79713.4
2025-04-11 00:05:01,79662.3
2025-04-11 00:10:02,79674.1
2025-04-11 00:15:01,79739.7
2025-04-11 00:20:01,79810
2025-04-11 00:25:02,79806.6
2025-04-11 00:30:01,79712.2
2025-04-11 00:35:02,79850
2025-04-11 00:40:01,79866.6
2025-04-11 00:45:01,79903.8
2025-04-11 00:50:02,79800.7
2025-04-11 00:55:01,79760.1
2025-04-11 01:00:01,79691.9
2025-04-11 01:05:02,79648.1
2025-04-11 01:10:01,79658.6
2025-04-11 01:15:01,79488.1
2025-04-11 01:20:02,79536.3
2025-04-11 01:25:01,79510
2025-04-11 01:30:01,79462.5
2025-04-11 01:35:02,79574
2025-04-11 01:40:01,79629
2025-04-11 01:45:01,79628.9
2025-04-11 01:50:02,79688.1
2025-04-11 01:55:01,79653.6
2025-04-11 02:00:02,79580
2025-04-11 02:05:01,79585.6
2025-04-11 02:10:01,79607.8
2025-04-11 02:15:02,79697.3
2025-04-11 02:20:01,79514.1
2025-04-11 02:25:01,79527.9
2025-04-11 02:30:02,79445.8
2025-04-11 02:35:01,79505.8
2025-04-11 02:40:01,79428
2025-04-11 02:45:02,79398
2025-04-11 02:50:01,79305.5
2025-04-11 02:55:01,79233.3
2025-04-11 03:00:02,79052
2025-04-11 03:05:01,79082.2
2025-04-11 03:10:01,79223.6
2025-04-11 03:15:02,79399.8
2025-04-11 03:20:01,79617.9
2025-04-11 03:25:01,79500
2025-04-11 03:30:02,79525.8
2025-04-11 03:35:01,79733.3
2025-04-11 03:40:02,79796.1
2025-04-11 03:45:01,79746.5
2025-04-11 03:50:01,79956.9
2025-04-11 03:55:01,80200.1
2025-04-11 04:00:02,80472.3
2025-04-11 04:05:01,80199.6
2025-04-11 04:10:02,80274.9
2025-04-11 04:15:01,80306
2025-04-11 04:20:01,80407.9
2025-04-11 04:25:02,80572.5
2025-04-11 04:30:01,80701.6
2025-04-11 04:35:01,80620.1
2025-04-11 04:40:02,80513.7
2025-04-11 04:45:01,80432.7
2025-04-11 04:50:01,80421.6
2025-04-11 04:55:02,80344
2025-04-11 05:00:01,80291.3
2025-04-11 05:05:01,80378.6
2025-04-11 05:10:02,80482.2
2025-04-11 05:15:01,80533.3
2025-04-11 05:20:01,80594.1
2025-04-11 05:25:02,80644.2
2025-04-11 05:30:01,80675.9
2025-04-11 05:35:02,80565.4
2025-04-11 05:40:01,80570
2025-04-11 05:45:01,80807.3
2025-04-11 05:50:02,80706
2025-04-11 05:55:01,80814
2025-04-11 06:00:03,80828.6
2025-04-11 06:05:01,80780
2025-04-11 06:10:01,80798
2025-04-11 06:15:02,80968.2
2025-04-11 06:20:01,80853.6
2025-04-11 06:25:01,80916.1
2025-04-11 06:30:02,81031.9
2025-04-11 06:35:01,80915.4
2025-04-11 06:40:01,80805.9
2025-04-11 06:45:02,80797.1
2025-04-11 06:50:01,80789.1
2025-04-11 06:55:01,80866.5
2025-04-11 07:00:02,80890
2025-04-11 07:05:01,80675.6
2025-04-11 07:10:02,80530.1
2025-04-11 07:15:01,80643.6
2025-04-11 07:20:01,80594
2025-04-11 07:25:02,80668
2025-04-11 07:30:01,80800
2025-04-11 07:35:01,80738
2025-04-11 07:40:02,80691
2025-04-11 07:45:01,80649.9
2025-04-11 07:50:01,80680
2025-04-11 07:55:02,80774
2025-04-11 08:00:01,80819.4
2025-04-11 08:05:01,80991.6
2025-04-11 08:10:02,81166.5
2025-04-11 08:15:01,81115.5
2025-04-11 08:20:01,81098.4
2025-04-11 08:25:02,80996
2025-04-11 08:30:01,80970.8
2025-04-11 08:35:01,81075.2
2025-04-11 08:40:02,81115.4
2025-04-11 08:45:01,81162
2025-04-11 08:50:01,81240
2025-04-11 08:55:02,81090.8
2025-04-11 09:00:01,81099.7
2025-04-11 09:05:02,81170
2025-04-11 09:10:01,80976.1
2025-04-11 09:15:01,81044.1
2025-04-11 09:20:02,81039.2
2025-04-11 09:25:01,80936.8
2025-04-11 09:30:01,80896.1
2025-04-11 09:35:02,81057.7
2025-04-11 09:40:01,81334.1
2025-04-11 09:45:01,81370.4
2025-04-11 09:50:02,81380.6
2025-04-11 09:55:01,81383.3
2025-04-11 10:00:02,81275.6
2025-04-11 10:05:01,81208.7
2025-04-11 10:10:02,81556.1
2025-04-11 10:15:01,81455.6
2025-04-11 10:20:01,81265.4
2025-04-11 10:25:02,81234.5
2025-04-11 10:30:01,81340
2025-04-11 10:35:01,81245.1
2025-04-11 10:40:02,81700.1
2025-04-11 10:45:01,81613.9
2025-04-11 10:50:01,81568.2
2025-04-11 10:55:02,81516.8
2025-04-11 11:00:01,81614.2
2025-04-11 11:05:02,81530.2
2025-04-11 11:10:01,81458.4
2025-04-11 11:15:01,81509.1
2025-04-11 11:20:02,81647.1
2025-04-11 11:25:01,81770.1
2025-04-11 11:30:01,82065.1
2025-04-11 11:35:02,82222.8
2025-04-11 11:40:01,82266.6
2025-04-11 11:45:01,82199.9
2025-04-11 11:50:02,82167.3
2025-04-11 11:55:01,82399.9
2025-04-11 12:00:01,82412
2025-04-11 12:05:01,82391.9
2025-04-11 12:10:02,82396.1
2025-04-11 12:15:01,82372.1
2025-04-11 12:20:01,82724.4
2025-04-11 12:25:02,82676
2025-04-11 12:30:01,82730.9
2025-04-11 12:35:01,82934.1
2025-04-11 12:40:02,82699.9
2025-04-11 12:45:01,82618.2
2025-04-11 12:50:01,82535.8
2025-04-11 12:55:02,82661.9
2025-04-11 13:00:01,82689.4
2025-04-11 13:05:01,82675.9
2025-04-11 13:10:02,82810.2
2025-04-11 13:15:01,82625.9
2025-04-11 13:20:01,82512.1
2025-04-11 13:25:02,82490
2025-04-11 13:30:01,82353.4
2025-04-11 13:35:01,82300.1
2025-04-11 13:40:02,82190
2025-04-11 13:45:01,82204
2025-04-11 13:50:01,82152
2025-04-11 13:55:02,82041.7
2025-04-11 14:00:01,82139.1
2025-04-11 14:05:01,82265.6
2025-04-11 14:10:02,81923.5
2025-04-11 14:15:01,82002.1
2025-04-11 14:20:02,82090
2025-04-11 14:25:01,82157.2
2025-04-11 14:30:01,82242.3
2025-04-11 14:35:02,82349.8
2025-04-11 14:40:01,82293.3
2025-04-11 14:45:01,82314.6
2025-04-11 14:50:02,82100
2025-04-11 14:55:01,82072
2025-04-11 15:00:02,82110.1
2025-04-11 15:05:01,82091.3
2025-04-11 15:10:01,82056.1
2025-04-11 15:15:02,81936.2
2025-04-11 15:20:01,81876.2
2025-04-11 15:25:01,82155.5
2025-04-11 15:30:02,82204.3
2025-04-11 15:35:01,82456.8
2025-04-11 15:40:01,83278
2025-04-11 15:45:02,82920.1
2025-04-11 15:50:01,83060
2025-04-11 15:55:01,82956
2025-04-11 16:00:02,82729.9
2025-04-11 16:05:01,82650.1
2025-04-11 16:10:01,82748.6
2025-04-11 16:15:02,82548.3
2025-04-11 16:20:01,82183.5
2025-04-11 16:25:01,81770
2025-04-11 16:30:02,81448.2
2025-04-11 16:35:01,81866.6
2025-04-11 16:40:01,82002.7
2025-04-11 16:45:02,82020
2025-04-11 16:50:01,82174.7
2025-04-11 16:55:01,82014.4
2025-04-11 17:00:02,81955.2
2025-04-11 17:05:01,81929.6
2025-04-11 17:10:02,81977.2
2025-04-11 17:15:01,81855.6
2025-04-11 17:20:01,82015.9
2025-04-11 17:25:02,82047.7
2025-04-11 17:30:01,82183
2025-04-11 17:35:01,82450.2
2025-04-11 17:40:02,82665.9
2025-04-11 17:45:01,82520
2025-04-11 17:50:01,82579.9
2025-04-11 17:55:02,82514
2025-04-11 18:00:01,82542
2025-04-11 18:05:02,82483.9
2025-04-11 18:10:01,82308.2
2025-04-11 18:15:01,82290
2025-04-11 18:20:02,82269.9
2025-04-11 18:25:01,82146.4
2025-04-11 18:30:01,82250.8
2025-04-11 18:35:02,82648.1
2025-04-11 18:40:01,82689.9
2025-04-11 18:45:01,82967.7
2025-04-11 18:50:02,82983.1
2025-04-11 18:55:01,82913.1
2025-04-11 19:00:01,82794.1
2025-04-11 19:05:02,82813.9
2025-04-11 19:10:01,82886.1
2025-04-11 19:15:01,82965.7
2025-04-11 19:20:02,82780.6
2025-04-11 19:25:01,82990.1
2025-04-11 19:30:02,82990.1
2025-04-11 19:35:01,83137.8
2025-04-11 19:40:01,83796.9
2025-04-11 19:45:02,83936
2025-04-11 19:50:01,83845.8
2025-04-11 19:55:01,83934
2025-04-11 20:00:02,83941.6
2025-04-11 20:05:01,84100
2025-04-11 20:10:01,83942.8
2025-04-11 20:15:02,83977.6
2025-04-11 20:20:01,83723.4
2025-04-11 20:25:02,83922.1
2025-04-11 20:30:01,84020.5
2025-04-11 20:35:01,83886.1
2025-04-11 20:40:01,83852.9
2025-04-11 20:45:02,83875.1
2025-04-11 20:50:05,83842.3
2025-04-11 20:55:02,83715.7
2025-04-11 21:00:01,83602.2
2025-04-11 21:05:02,83751.9
2025-04-11 21:10:01,83907.7
2025-04-11 21:15:01,83885.4
2025-04-11 21:20:02,83880.1
2025-04-11 21:25:01,83892.2
2025-04-11 21:30:01,83730.3
2025-04-11 21:35:02,83750.6
2025-04-11 21:40:01,83780
2025-04-11 21:45:01,83854.9
2025-04-11 21:50:02,83908.6
2025-04-11 21:55:01,83880
2025-04-11 22:00:01,83849.5
2025-04-11 22:05:02,83855.3
2025-04-11 22:10:01,83704.4
2025-04-11 22:15:01,83759.9
2025-04-11 22:20:02,83809.9
2025-04-11 22:25:01,83856
2025-04-11 22:30:02,83944.1
2025-04-11 22:35:01,83995.8
2025-04-11 22:40:01,83842.4
2025-04-11 22:45:02,83962
2025-04-11 22:50:01,83956.8
2025-04-11 22:55:01,83878.9
2025-04-11 23:00:02,83835.5
2025-04-11 23:05:01,83969.9
2025-04-11 23:10:01,83999
2025-04-11 23:15:02,83931.5
2025-04-11 23:20:01,84021.9
2025-04-11 23:25:02,84093.9
2025-04-11 23:30:01,83906.2
2025-04-11 23:35:01,83765.5
2025-04-11 23:40:02,83739.9
2025-04-11 23:45:01,83682.9
2025-04-11 23:50:01,83645.8
2025-04-11 23:55:02,83770
2025-04-12 00:00:01,83674.8
2025-04-12 00:05:01,83668.8
2025-04-12 00:10:02,83587.8
2025-04-12 00:15:01,83566.5
2025-04-12 00:20:01,83467.8
2025-04-12 00:25:02,83466.2
2025-04-12 00:30:01,83473.7
2025-04-12 00:35:01,83385.6
2025-04-12 00:40:02,83360
2025-04-12 00:45:01,83366.1
2025-04-12 00:50:02,83466
2025-04-12 00:55:01,83436.1
2025-04-12 01:00:01,83410.1
2025-04-12 01:05:02,83339
2025-04-12 01:10:01,83320.5
2025-04-12 01:15:01,83270.3
2025-04-12 01:20:02,83200
2025-04-12 01:25:01,83264.2
2025-04-12 01:30:01,83209.1
2025-04-12 01:35:02,83336.1
2025-04-12 01:40:01,83416.7
2025-04-12 01:45:02,83432.5
2025-04-12 01:50:01,83406
2025-04-12 01:55:01,83554.2
2025-04-12 02:00:02,83414.1
2025-04-12 02:05:01,83334.8
2025-04-12 02:10:01,83359.8
2025-04-12 02:15:02,83270
2025-04-12 02:20:01,83326.3
2025-04-12 02:25:01,83282.9
2025-04-12 02:30:02,83349.9
2025-04-12 02:35:01,83387.3
2025-04-12 02:40:01,83462
2025-04-12 02:45:02,83485.9
2025-04-12 02:50:01,83443.8
2025-04-12 02:55:01,83364
2025-04-12 03:00:02,83358.3
2025-04-12 03:05:01,83350.7
2025-04-12 03:10:02,83384.1
2025-04-12 03:15:01,83327.6
2025-04-12 03:20:01,83210
2025-04-12 03:25:02,83184
2025-04-12 03:30:01,83173.6
2025-04-12 03:35:01,83166.2
2025-04-12 03:40:02,83252.1
2025-04-12 03:45:01,83297.8
2025-04-12 03:50:01,83260
2025-04-12 03:55:02,83196.7
2025-04-12 04:00:01,83207.6
2025-04-12 04:05:02,83220.1
2025-04-12 04:10:01,83238.4
2025-04-12 04:15:01,83169.9
2025-04-12 04:20:02,83236.5
2025-04-12 04:25:01,83237.9
2025-04-12 04:30:01,83219.9
2025-04-12 04:35:02,83176.1
2025-04-12 04:40:01,83229.3
2025-04-12 04:45:01,83222
2025-04-12 04:50:02,82988
2025-04-12 04:55:01,82957.9
2025-04-12 05:00:01,82802.9
2025-04-12 05:05:02,82835.9
2025-04-12 05:10:01,82942.7
2025-04-12 05:15:02,82941.9
2025-04-12 05:20:01,82962
2025-04-12 05:25:01,83020.6
2025-04-12 05:30:02,83063.5
2025-04-12 05:35:01,83055.2
2025-04-12 05:40:01,83082
2025-04-12 05:45:02,83114
2025-04-12 05:50:01,83096.1
2025-04-12 05:55:01,83013.9
2025-04-12 06:00:02,82968.1
2025-04-12 06:05:01,82930.9
2025-04-12 06:10:02,82902
2025-04-12 06:15:01,82945.2
2025-04-12 06:20:01,82968.4
2025-04-12 06:25:02,83032.1
2025-04-12 06:30:01,83216.8
2025-04-12 06:35:01,82955
2025-04-12 06:40:01,83116.2
2025-04-12 06:45:01,83114.8
2025-04-12 06:50:02,83183.3
2025-04-12 06:55:01,83279.5
2025-04-12 07:00:01,83191
2025-04-12 07:05:02,83341.5
2025-04-12 07:10:01,83307.9
2025-04-12 07:15:01,83318.8
2025-04-12 07:20:01,83422
2025-04-12 07:25:01,83409.6
2025-04-12 07:30:02,83358
2025-04-12 07:35:01,83454.6
2025-04-12 07:40:01,83408.1
2025-04-12 07:45:02,83375.5
2025-04-12 07:50:01,83311.6
2025-04-12 07:55:01,83311.2
2025-04-12 08:00:02,83329.1
2025-04-12 08:05:01,83460
2025-04-12 08:10:01,83493.9
2025-04-12 08:15:02,83524.8
2025-04-12 08:20:01,83462
2025-04-12 08:25:01,83719.9
2025-04-12 08:30:02,83612.7
2025-04-12 08:35:01,83572
2025-04-12 08:40:01,83663
2025-04-12 08:45:02,83710.1
2025-04-12 08:50:01,83590.9
2025-04-12 08:55:01,83580
2025-04-12 09:00:02,83554.2
2025-04-12 09:05:01,83498
2025-04-12 09:10:01,83516.8
2025-04-12 09:15:02,83586.4
2025-04-12 09:20:01,83640
2025-04-12 09:25:01,83589.9
2025-04-12 09:30:02,83607.6
2025-04-12 09:35:01,83639.9
2025-04-12 09:40:01,83694.5
2025-04-12 09:45:01,83745.9
2025-04-12 09:50:02,83793.6
2025-04-12 09:55:01,83771.8
2025-04-12 10:00:01,83715.9
2025-04-12 10:05:02,83770.6
2025-04-12 10:10:01,83848.2
2025-04-12 10:15:01,84001
2025-04-12 10:20:02,83770
2025-04-12 10:25:01,83630.5
2025-04-12 10:30:01,83574.5
2025-04-12 10:35:02,83548
2025-04-12 10:40:01,83664.4
2025-04-12 10:45:01,83638.4
2025-04-12 10:50:02,83527.7
2025-04-12 10:55:01,83631.9
2025-04-12 11:00:01,83596.5
2025-04-12 11:05:02,83726.1
2025-04-12 11:10:01,83668
2025-04-12 11:15:01,83470.6
2025-04-12 11:20:02,83495.3
2025-04-12 11:25:01,83525
2025-04-12 11:30:01,83449.5
2025-04-12 11:35:02,83511.9
2025-04-12 11:40:01,83454.1
2025-04-12 11:45:01,83558.5
2025-04-12 11:50:01,83618.5
2025-04-12 11:55:02,83523.9
2025-04-12 12:00:01,83538.1
2025-04-12 12:05:02,83498
2025-04-12 12:10:01,83550.2
2025-04-12 12:15:01,83480
2025-04-12 12:20:01,83395.9
2025-04-12 12:25:02,83448.8
2025-04-12 12:30:01,83476.4
2025-04-12 12:35:01,83412.9
2025-04-12 12:40:02,83378.3
2025-04-12 12:45:01,83325.1
2025-04-12 12:50:01,83375.7
2025-04-12 12:55:02,83384
2025-04-12 13:00:01,83420.1
2025-04-12 13:05:01,83526.8
2025-04-12 13:10:01,83504.1
2025-04-12 13:15:02,83519.3
2025-04-12 13:20:01,83637.7
2025-04-12 13:25:01,83571.1
2025-04-12 13:30:02,83596.6
2025-04-12 13:35:01,83537.8
2025-04-12 13:40:01,83500.8
2025-04-12 13:45:02,83484.1
2025-04-12 13:50:01,83520.8
2025-04-12 13:55:01,83555.2
2025-04-12 14:00:02,83520.4
2025-04-12 14:05:01,83520
2025-04-12 14:10:01,83587.9
2025-04-12 14:15:02,83663.7
2025-04-12 14:20:01,83724.8
2025-04-12 14:25:01,83714.9
2025-04-12 14:30:02,83758
2025-04-12 14:35:01,83710.1
2025-04-12 14:40:01,83918
2025-04-12 14:45:02,83840
2025-04-12 14:50:01,83765
2025-04-12 14:55:01,83716.3
2025-04-12 15:00:01,83842
2025-04-12 15:05:02,83871.9
2025-04-12 15:10:01,83999.9
2025-04-12 15:15:01,83987.5
2025-04-12 15:20:02,83828
2025-04-12 15:25:01,83660
2025-04-12 15:30:01,83849.1
2025-04-12 15:35:02,83735.6
2025-04-12 15:40:01,83829.8
2025-04-12 15:45:01,84176
2025-04-12 15:50:01,84242.1
2025-04-12 15:55:02,84460
2025-04-12 16:00:01,84457.2
2025-04-12 16:05:01,84390
2025-04-12 16:10:02,84696.1
2025-04-12 16:15:01,84489.9
2025-04-12 16:20:01,84353.8
2025-04-12 16:25:02,84890.1
2025-04-12 16:30:01,84902
2025-04-12 16:35:01,85035.1
2025-04-12 16:40:01,84970.9
2025-04-12 16:45:02,84842
2025-04-12 16:50:01,84700
2025-04-12 16:55:01,84999.9
2025-04-12 17:00:02,84836
2025-04-12 17:05:01,84882.8
2025-04-12 17:10:01,84692.2
2025-04-12 17:15:02,84683.4
2025-04-12 17:20:01,84978.7
2025-04-12 17:25:01,85027.7
2025-04-12 17:30:01,85147.9
2025-04-12 17:35:02,85218.1
2025-04-12 17:40:01,85156
2025-04-12 17:45:01,85285.9
2025-04-12 17:50:02,85134.9
2025-04-12 17:55:01,85064.3
2025-04-12 18:00:01,84996.2
2025-04-12 18:05:02,85140.9
2025-04-12 18:10:01,84887.9
2025-04-12 18:15:01,84878.1
2025-04-12 18:20:02,84958.8
2025-04-12 18:25:01,85039.9
2025-04-12 18:30:01,84979.9
2025-04-12 18:35:01,84813.7
2025-04-12 18:40:02,84914
2025-04-12 18:45:01,84745
2025-04-12 18:50:01,84624.4
2025-04-12 18:55:02,84670
2025-04-12 19:00:01,84651.6
2025-04-12 19:05:02,84714.2
2025-04-12 19:10:01,84539.9
2025-04-12 19:15:01,84425.8
2025-04-12 19:20:02,84504.8
2025-04-12 19:25:01,84576
2025-04-12 19:30:02,84607.3
2025-04-12 19:35:01,84712.1
2025-04-12 19:40:01,84810
2025-04-12 19:45:02,84849.8
2025-04-12 19:50:01,84710.9
2025-04-12 19:55:01,84732
2025-04-12 20:00:02,84760
2025-04-12 20:05:01,84896
2025-04-12 20:10:02,84841.4
2025-04-12 20:15:01,84856.8
2025-04-12 20:20:02,84916
2025-04-12 20:25:01,84940.8
2025-04-12 20:30:01,84981
2025-04-12 20:35:02,84961.7
2025-04-12 20:40:01,84966.6
2025-04-12 20:45:01,85020.9
2025-04-12 20:50:02,85069.6
2025-04-12 20:55:01,85178
2025-04-12 21:00:02,85181.9
2025-04-12 21:05:01,85081.8
2025-04-12 21:10:02,85095.9
2025-04-12 21:15:01,85062.1
2025-04-12 21:20:01,85185.9
2025-04-12 21:25:02,85087.7
2025-04-12 21:30:01,85043.4
2025-04-12 21:35:01,84986.2
2025-04-12 21:40:02,84938.9
2025-04-12 21:45:01,84897.5
2025-04-12 21:50:01,84925.2
2025-04-12 21:55:02,84894.5
2025-04-12 22:00:01,84932.9
2025-04-12 22:05:02,84976
2025-04-12 22:10:01,85041.3
2025-04-12 22:15:01,85159.9
2025-04-12 22:20:02,85182.9
2025-04-12 22:25:01,85139.7
2025-04-12 22:30:02,85265.9
2025-04-12 22:35:01,85500.1
2025-04-12 22:40:01,85613.4
2025-04-12 22:45:02,85811.9
2025-04-12 22:50:01,85609.3
2025-04-12 22:55:01,85465.2
2025-04-12 23:00:02,85506.1
2025-04-12 23:05:01,85385.5
2025-04-12 23:10:01,85307.7
2025-04-12 23:15:02,85310
2025-04-12 23:20:01,85420
2025-04-12 23:25:02,85510.1
2025-04-12 23:30:01,85402.6
2025-04-12 23:35:01,85362
2025-04-12 23:40:02,85387.6
2025-04-12 23:45:01,85480
2025-04-12 23:50:01,85410
2025-04-12 23:55:02,85433.3
2025-04-13 00:00:01,85355
2025-04-13 00:05:01,85415.3
2025-04-13 00:10:02,85444.6
2025-04-13 00:15:01,85499.8
2025-04-13 00:20:01,85626.5
2025-04-13 00:25:02,85530
2025-04-13 00:30:01,85468
2025-04-13 00:35:02,85506.5
2025-04-13 00:40:01,85440
2025-04-13 00:45:01,85477.3
2025-04-13 00:50:02,85380
2025-04-13 00:55:01,85353.9
2025-04-13 01:00:01,85330.9
2025-04-13 01:05:02,85331.5
2025-04-13 01:10:01,85395.1
2025-04-13 01:15:02,85255
2025-04-13 01:20:01,85359.7
2025-04-13 01:25:01,85190
2025-04-13 01:30:02,85209.6
2025-04-13 01:35:01,85151.8
2025-04-13 01:40:01,85226.6
2025-04-13 01:45:02,85295.2
2025-04-13 01:50:01,85331.3
2025-04-13 01:55:01,85282
2025-04-13 02:00:02,85270
2025-04-13 02:05:01,85281.9
2025-04-13 02:10:01,85385.3
2025-04-13 02:15:02,85448.8
2025-04-13 02:20:01,85458.2
2025-04-13 02:25:01,85325
2025-04-13 02:30:02,85179.8
2025-04-13 02:35:01,85130.1
2025-04-13 02:40:02,85179.9
2025-04-13 02:45:01,85248
2025-04-13 02:50:01,85367.9
2025-04-13 02:55:02,85519.6
2025-04-13 03:00:01,85494.1
2025-04-13 03:05:01,85452.7
2025-04-13 03:10:02,85686.1
2025-04-13 03:15:01,85779.9
2025-04-13 03:20:01,85569.9
2025-04-13 03:25:02,85699
2025-04-13 03:30:01,85824
2025-04-13 03:35:01,85640
2025-04-13 03:40:02,85559.1
2025-04-13 03:45:01,85706
2025-04-13 03:50:01,85405.9
2025-04-13 03:55:02,85192
2025-04-13 04:00:01,85246.6
2025-04-13 04:05:01,85309.8
2025-04-13 04:10:02,85184.9
2025-04-13 04:15:01,85128.2
2025-04-13 04:20:01,84978.1
2025-04-13 04:25:01,85004
2025-04-13 04:30:02,84806.5
2025-04-13 04:35:01,84858.3
2025-04-13 04:40:02,84913.8
2025-04-13 04:45:01,85035.4
2025-04-13 04:50:02,85120.5
2025-04-13 04:55:01,85173.9
2025-04-13 05:00:01,85280
2025-04-13 05:05:01,85304.6
2025-04-13 05:10:02,85322
2025-04-13 05:15:01,85385.8
2025-04-13 05:20:01,85265.3
2025-04-13 05:25:02,85395.3
2025-04-13 05:30:01,85305.5
2025-04-13 05:35:01,85465.9
2025-04-13 05:40:02,85510
2025-04-13 05:45:01,85492.2
2025-04-13 05:50:01,85520
2025-04-13 05:55:02,85513.1
2025-04-13 06:00:01,85416.7
2025-04-13 06:05:01,85304.9
2025-04-13 06:10:01,85140
2025-04-13 06:15:02,85127.3
2025-04-13 06:20:01,84910.1
2025-04-13 06:25:01,85009.6
2025-04-13 06:30:02,85026
2025-04-13 06:35:01,84778.8
2025-04-13 06:40:02,84732.2
2025-04-13 06:45:01,84782.5
2025-04-13 06:50:01,84749.5
2025-04-13 06:55:01,84631.4
2025-04-13 07:00:02,84620.1
2025-04-13 07:05:01,84676.9
2025-04-13 07:10:01,84604.7
2025-04-13 07:15:02,84480
2025-04-13 07:20:01,84531.9
2025-04-13 07:25:01,84565.2
2025-04-13 07:30:02,84647.3
2025-04-13 07:35:01,84633.3
2025-04-13 07:40:01,84690.9
2025-04-13 07:45:02,84752.2
2025-04-13 07:50:01,84432
2025-04-13 07:55:01,84434
2025-04-13 08:00:01,84510.3
2025-04-13 08:05:02,84446.1
2025-04-13 08:10:01,84759
2025-04-13 08:15:01,84640
2025-04-13 08:20:02,84579.5
2025-04-13 08:25:01,84566.3
2025-04-13 08:30:01,84699.8
2025-04-13 08:35:02,84760
2025-04-13 08:40:01,84700.2
2025-04-13 08:45:01,84752
2025-04-13 08:50:02,84750.3
2025-04-13 08:55:01,84700.2
2025-04-13 09:00:01,84605
2025-04-13 09:05:02,84701.1
2025-04-13 09:10:01,84687.7
2025-04-13 09:15:01,84770
2025-04-13 09:20:01,84740
2025-04-13 09:25:01,84681
2025-04-13 09:30:01,84689.9
2025-04-13 09:35:02,84611.7
2025-04-13 09:40:01,84515
2025-04-13 09:45:01,84475.5
2025-04-13 09:50:02,84550.2
2025-04-13 09:55:01,84444.2
2025-04-13 10:00:01,84418
2025-04-13 10:05:02,84324
2025-04-13 10:10:01,84309
2025-04-13 10:15:01,84304.9
2025-04-13 10:20:02,84435.1
2025-04-13 10:25:01,84476.5
2025-04-13 10:30:01,84538
2025-04-13 10:35:02,84542.1
2025-04-13 10:40:01,84527.9
2025-04-13 10:45:01,84555.8
2025-04-13 10:50:02,84613.8
2025-04-13 10:55:01,84661.1
2025-04-13 11:00:01,84678
2025-04-13 11:05:01,84680
2025-04-13 11:10:02,84609.4
2025-04-13 11:15:01,84589.5
2025-04-13 11:20:01,84526.9
2025-04-13 11:25:02,84632.1
2025-04-13 11:30:01,84769
2025-04-13 11:35:01,84709.6
2025-04-13 11:40:02,84774.2
2025-04-13 11:45:01,84890
2025-04-13 11:50:01,84888.9
2025-04-13 11:55:01,84816.6
2025-04-13 12:00:02,84910.1
2025-04-13 12:05:01,84888
2025-04-13 12:10:02,84787.6
2025-04-13 12:15:01,84821.2
2025-04-13 12:20:01,84697.3
2025-04-13 12:25:02,84672.7
2025-04-13 12:30:01,84558.6
2025-04-13 12:35:01,84613.3
2025-04-13 12:40:01,84686.7
2025-04-13 12:45:02,84611.7
2025-04-13 12:50:01,84706.1
2025-04-13 12:55:01,84680.7
2025-04-13 13:00:02,84692
2025-04-13 13:05:01,84697.9
2025-04-13 13:10:01,84672.8
2025-04-13 13:15:02,84712
2025-04-13 13:20:01,84390.3
2025-04-13 13:25:01,84444.1
2025-04-13 13:30:01,84474.8
2025-04-13 13:35:02,84337.6
2025-04-13 13:40:01,84385.3
2025-04-13 13:45:01,84444.9
2025-04-13 13:50:02,84362
2025-04-13 13:55:01,84398.4
2025-04-13 14:00:01,84520.6
2025-04-13 14:05:02,84428
2025-04-13 14:10:01,84484.7
2025-04-13 14:15:01,84621.7
2025-04-13 14:20:02,84614.1
2025-04-13 14:25:01,84335.8
2025-04-13 14:30:01,84274.6
2025-04-13 14:35:02,84348
2025-04-13 14:40:01,84412.2
2025-04-13 14:45:01,84353.1
2025-04-13 14:50:01,84359.9
2025-04-13 14:55:02,84466.5
2025-04-13 15:00:01,84457.1
2025-04-13 15:05:01,84376
2025-04-13 15:10:02,84425.7
2025-04-13 15:15:01,84553.6
2025-04-13 15:20:01,84399.9
2025-04-13 15:25:02,84254.1
2025-04-13 15:30:01,84079.4
2025-04-13 15:35:02,84134.9
2025-04-13 15:40:01,84122
2025-04-13 15:45:01,83748
2025-04-13 15:50:02,83823.9
2025-04-13 15:55:01,83600
2025-04-13 16:00:01,83565
2025-04-13 16:05:02,83812.4
2025-04-13 16:10:01,83801.5
2025-04-13 16:15:01,83758.1
2025-04-13 16:20:02,83737.9
2025-04-13 16:25:01,83781.3
2025-04-13 16:30:01,83850
2025-04-13 16:35:01,83981.2
2025-04-13 16:40:02,84040.5
2025-04-13 16:45:01,84019.9
2025-04-13 16:50:01,83962
2025-04-13 16:55:02,84028.9
2025-04-13 17:00:01,84085.9
2025-04-13 17:05:02,83896
2025-04-13 17:10:01,83739.9
2025-04-13 17:15:01,83801.8
2025-04-13 17:20:02,83768.2
2025-04-13 17:25:01,83773.9
2025-04-13 17:30:01,83806.4
2025-04-13 17:35:02,83750.5
2025-04-13 17:40:01,83782.1
2025-04-13 17:45:01,83733.9
2025-04-13 17:50:01,83736
2025-04-13 17:55:02,83809.7
2025-04-13 18:00:01,83850.8
2025-04-13 18:05:01,84210.6
2025-04-13 18:10:02,84133.1
2025-04-13 18:15:01,84080
2025-04-13 18:20:01,84207.5
2025-04-13 18:25:02,84296
2025-04-13 18:30:01,84292
2025-04-13 18:35:01,84309.3
2025-04-13 18:40:02,84238
2025-04-13 18:45:01,84166.6
2025-04-13 18:50:01,84122.1
2025-04-13 18:55:01,84175.5
2025-04-13 19:00:02,84221.8
2025-04-13 19:05:01,84356.4
2025-04-13 19:10:02,84475.8
2025-04-13 19:15:01,84539.9
2025-04-13 19:20:01,84727.2
2025-04-13 19:25:01,84873.7
2025-04-13 19:30:02,84725.3
2025-04-13 19:35:01,84597.1
2025-04-13 19:40:01,84741.6
2025-04-13 19:45:02,84846.1
2025-04-13 19:50:01,84860
2025-04-13 19:55:01,84865.6
2025-04-13 20:00:02,84757.9
